--
-- PostgreSQL database cluster dump
--

SET default_transaction_read_only = off;

SET client_encoding = 'UTF8';
SET standard_conforming_strings = on;

--
-- Roles
--

CREATE ROLE kong;
ALTER ROLE kong WITH SUPERUSER INHERIT CREATEROLE CREATEDB LOGIN REPLICATION BYPASSRLS PASSWORD 'md5f10343d1dc8d44c8935b356aa3f8aae2';






--
-- Database creation
--

CREATE DATABASE kong WITH TEMPLATE = template0 OWNER = kong;
REVOKE CONNECT,TEMPORARY ON DATABASE template1 FROM PUBLIC;
GRANT CONNECT ON DATABASE template1 TO PUBLIC;


\connect kong

SET default_transaction_read_only = off;

--
-- PostgreSQL database dump
--

-- Dumped from database version 9.6.24
-- Dumped by pg_dump version 9.6.24

SET statement_timeout = 0;
SET lock_timeout = 0;
SET idle_in_transaction_session_timeout = 0;
SET client_encoding = 'UTF8';
SET standard_conforming_strings = on;
SELECT pg_catalog.set_config('search_path', '', false);
SET check_function_bodies = false;
SET xmloption = content;
SET client_min_messages = warning;
SET row_security = off;

--
-- Name: plpgsql; Type: EXTENSION; Schema: -; Owner: 
--

CREATE EXTENSION IF NOT EXISTS plpgsql WITH SCHEMA pg_catalog;


--
-- Name: EXTENSION plpgsql; Type: COMMENT; Schema: -; Owner: 
--

COMMENT ON EXTENSION plpgsql IS 'PL/pgSQL procedural language';


--
-- Name: sync_tags(); Type: FUNCTION; Schema: public; Owner: kong
--

CREATE FUNCTION public.sync_tags() RETURNS trigger
    LANGUAGE plpgsql
    AS $$
        BEGIN
          IF (TG_OP = 'TRUNCATE') THEN
            DELETE FROM tags WHERE entity_name = TG_TABLE_NAME;
            RETURN NULL;
          ELSIF (TG_OP = 'DELETE') THEN
            DELETE FROM tags WHERE entity_id = OLD.id;
            RETURN OLD;
          ELSE

          -- Triggered by INSERT/UPDATE
          -- Do an upsert on the tags table
          -- So we don't need to migrate pre 1.1 entities
          INSERT INTO tags VALUES (NEW.id, TG_TABLE_NAME, NEW.tags)
          ON CONFLICT (entity_id) DO UPDATE
                  SET tags=EXCLUDED.tags;
          END IF;
          RETURN NEW;
        END;
      $$;


ALTER FUNCTION public.sync_tags() OWNER TO kong;

SET default_tablespace = '';

SET default_with_oids = false;

--
-- Name: acls; Type: TABLE; Schema: public; Owner: kong
--

CREATE TABLE public.acls (
    id uuid NOT NULL,
    created_at timestamp with time zone DEFAULT timezone('UTC'::text, ('now'::text)::timestamp(0) with time zone),
    consumer_id uuid,
    "group" text,
    cache_key text,
    tags text[],
    ws_id uuid
);


ALTER TABLE public.acls OWNER TO kong;

--
-- Name: acme_storage; Type: TABLE; Schema: public; Owner: kong
--

CREATE TABLE public.acme_storage (
    id uuid NOT NULL,
    key text,
    value text,
    created_at timestamp with time zone,
    ttl timestamp with time zone
);


ALTER TABLE public.acme_storage OWNER TO kong;

--
-- Name: basicauth_credentials; Type: TABLE; Schema: public; Owner: kong
--

CREATE TABLE public.basicauth_credentials (
    id uuid NOT NULL,
    created_at timestamp with time zone DEFAULT timezone('UTC'::text, ('now'::text)::timestamp(0) with time zone),
    consumer_id uuid,
    username text,
    password text,
    tags text[],
    ws_id uuid
);


ALTER TABLE public.basicauth_credentials OWNER TO kong;

--
-- Name: ca_certificates; Type: TABLE; Schema: public; Owner: kong
--

CREATE TABLE public.ca_certificates (
    id uuid NOT NULL,
    created_at timestamp with time zone DEFAULT timezone('UTC'::text, ('now'::text)::timestamp(0) with time zone),
    cert text NOT NULL,
    tags text[],
    cert_digest text NOT NULL
);


ALTER TABLE public.ca_certificates OWNER TO kong;

--
-- Name: certificates; Type: TABLE; Schema: public; Owner: kong
--

CREATE TABLE public.certificates (
    id uuid NOT NULL,
    created_at timestamp with time zone DEFAULT timezone('UTC'::text, ('now'::text)::timestamp(0) with time zone),
    cert text,
    key text,
    tags text[],
    ws_id uuid,
    cert_alt text,
    key_alt text
);


ALTER TABLE public.certificates OWNER TO kong;

--
-- Name: cluster_events; Type: TABLE; Schema: public; Owner: kong
--

CREATE TABLE public.cluster_events (
    id uuid NOT NULL,
    node_id uuid NOT NULL,
    at timestamp with time zone NOT NULL,
    nbf timestamp with time zone,
    expire_at timestamp with time zone NOT NULL,
    channel text,
    data text
);


ALTER TABLE public.cluster_events OWNER TO kong;

--
-- Name: clustering_data_planes; Type: TABLE; Schema: public; Owner: kong
--

CREATE TABLE public.clustering_data_planes (
    id uuid NOT NULL,
    hostname text NOT NULL,
    ip text NOT NULL,
    last_seen timestamp with time zone DEFAULT timezone('UTC'::text, ('now'::text)::timestamp(0) with time zone),
    config_hash text NOT NULL,
    ttl timestamp with time zone,
    version text,
    sync_status text DEFAULT 'unknown'::text NOT NULL
);


ALTER TABLE public.clustering_data_planes OWNER TO kong;

--
-- Name: consumers; Type: TABLE; Schema: public; Owner: kong
--

CREATE TABLE public.consumers (
    id uuid NOT NULL,
    created_at timestamp with time zone DEFAULT timezone('UTC'::text, ('now'::text)::timestamp(0) with time zone),
    username text,
    custom_id text,
    tags text[],
    ws_id uuid
);


ALTER TABLE public.consumers OWNER TO kong;

--
-- Name: hmacauth_credentials; Type: TABLE; Schema: public; Owner: kong
--

CREATE TABLE public.hmacauth_credentials (
    id uuid NOT NULL,
    created_at timestamp with time zone DEFAULT timezone('UTC'::text, ('now'::text)::timestamp(0) with time zone),
    consumer_id uuid,
    username text,
    secret text,
    tags text[],
    ws_id uuid
);


ALTER TABLE public.hmacauth_credentials OWNER TO kong;

--
-- Name: jwt_secrets; Type: TABLE; Schema: public; Owner: kong
--

CREATE TABLE public.jwt_secrets (
    id uuid NOT NULL,
    created_at timestamp with time zone DEFAULT timezone('UTC'::text, ('now'::text)::timestamp(0) with time zone),
    consumer_id uuid,
    key text,
    secret text,
    algorithm text,
    rsa_public_key text,
    tags text[],
    ws_id uuid
);


ALTER TABLE public.jwt_secrets OWNER TO kong;

--
-- Name: keyauth_credentials; Type: TABLE; Schema: public; Owner: kong
--

CREATE TABLE public.keyauth_credentials (
    id uuid NOT NULL,
    created_at timestamp with time zone DEFAULT timezone('UTC'::text, ('now'::text)::timestamp(0) with time zone),
    consumer_id uuid,
    key text,
    tags text[],
    ttl timestamp with time zone,
    ws_id uuid
);


ALTER TABLE public.keyauth_credentials OWNER TO kong;

--
-- Name: locks; Type: TABLE; Schema: public; Owner: kong
--

CREATE TABLE public.locks (
    key text NOT NULL,
    owner text,
    ttl timestamp with time zone
);


ALTER TABLE public.locks OWNER TO kong;

--
-- Name: oauth2_authorization_codes; Type: TABLE; Schema: public; Owner: kong
--

CREATE TABLE public.oauth2_authorization_codes (
    id uuid NOT NULL,
    created_at timestamp with time zone DEFAULT timezone('UTC'::text, ('now'::text)::timestamp(0) with time zone),
    credential_id uuid,
    service_id uuid,
    code text,
    authenticated_userid text,
    scope text,
    ttl timestamp with time zone,
    challenge text,
    challenge_method text,
    ws_id uuid
);


ALTER TABLE public.oauth2_authorization_codes OWNER TO kong;

--
-- Name: oauth2_credentials; Type: TABLE; Schema: public; Owner: kong
--

CREATE TABLE public.oauth2_credentials (
    id uuid NOT NULL,
    created_at timestamp with time zone DEFAULT timezone('UTC'::text, ('now'::text)::timestamp(0) with time zone),
    name text,
    consumer_id uuid,
    client_id text,
    client_secret text,
    redirect_uris text[],
    tags text[],
    client_type text,
    hash_secret boolean,
    ws_id uuid
);


ALTER TABLE public.oauth2_credentials OWNER TO kong;

--
-- Name: oauth2_tokens; Type: TABLE; Schema: public; Owner: kong
--

CREATE TABLE public.oauth2_tokens (
    id uuid NOT NULL,
    created_at timestamp with time zone DEFAULT timezone('UTC'::text, ('now'::text)::timestamp(0) with time zone),
    credential_id uuid,
    service_id uuid,
    access_token text,
    refresh_token text,
    token_type text,
    expires_in integer,
    authenticated_userid text,
    scope text,
    ttl timestamp with time zone,
    ws_id uuid
);


ALTER TABLE public.oauth2_tokens OWNER TO kong;

--
-- Name: parameters; Type: TABLE; Schema: public; Owner: kong
--

CREATE TABLE public.parameters (
    key text NOT NULL,
    value text NOT NULL,
    created_at timestamp with time zone
);


ALTER TABLE public.parameters OWNER TO kong;

--
-- Name: plugins; Type: TABLE; Schema: public; Owner: kong
--

CREATE TABLE public.plugins (
    id uuid NOT NULL,
    created_at timestamp with time zone DEFAULT timezone('UTC'::text, ('now'::text)::timestamp(0) with time zone),
    name text NOT NULL,
    consumer_id uuid,
    service_id uuid,
    route_id uuid,
    config jsonb NOT NULL,
    enabled boolean NOT NULL,
    cache_key text,
    protocols text[],
    tags text[],
    ws_id uuid
);


ALTER TABLE public.plugins OWNER TO kong;

--
-- Name: ratelimiting_metrics; Type: TABLE; Schema: public; Owner: kong
--

CREATE TABLE public.ratelimiting_metrics (
    identifier text NOT NULL,
    period text NOT NULL,
    period_date timestamp with time zone NOT NULL,
    service_id uuid DEFAULT '00000000-0000-0000-0000-000000000000'::uuid NOT NULL,
    route_id uuid DEFAULT '00000000-0000-0000-0000-000000000000'::uuid NOT NULL,
    value integer,
    ttl timestamp with time zone
);


ALTER TABLE public.ratelimiting_metrics OWNER TO kong;

--
-- Name: response_ratelimiting_metrics; Type: TABLE; Schema: public; Owner: kong
--

CREATE TABLE public.response_ratelimiting_metrics (
    identifier text NOT NULL,
    period text NOT NULL,
    period_date timestamp with time zone NOT NULL,
    service_id uuid DEFAULT '00000000-0000-0000-0000-000000000000'::uuid NOT NULL,
    route_id uuid DEFAULT '00000000-0000-0000-0000-000000000000'::uuid NOT NULL,
    value integer
);


ALTER TABLE public.response_ratelimiting_metrics OWNER TO kong;

--
-- Name: routes; Type: TABLE; Schema: public; Owner: kong
--

CREATE TABLE public.routes (
    id uuid NOT NULL,
    created_at timestamp with time zone,
    updated_at timestamp with time zone,
    name text,
    service_id uuid,
    protocols text[],
    methods text[],
    hosts text[],
    paths text[],
    snis text[],
    sources jsonb[],
    destinations jsonb[],
    regex_priority bigint,
    strip_path boolean,
    preserve_host boolean,
    tags text[],
    https_redirect_status_code integer,
    headers jsonb,
    path_handling text DEFAULT 'v0'::text,
    ws_id uuid,
    request_buffering boolean,
    response_buffering boolean
);


ALTER TABLE public.routes OWNER TO kong;

--
-- Name: schema_meta; Type: TABLE; Schema: public; Owner: kong
--

CREATE TABLE public.schema_meta (
    key text NOT NULL,
    subsystem text NOT NULL,
    last_executed text,
    executed text[],
    pending text[]
);


ALTER TABLE public.schema_meta OWNER TO kong;

--
-- Name: services; Type: TABLE; Schema: public; Owner: kong
--

CREATE TABLE public.services (
    id uuid NOT NULL,
    created_at timestamp with time zone,
    updated_at timestamp with time zone,
    name text,
    retries bigint,
    protocol text,
    host text,
    port bigint,
    path text,
    connect_timeout bigint,
    write_timeout bigint,
    read_timeout bigint,
    tags text[],
    client_certificate_id uuid,
    tls_verify boolean,
    tls_verify_depth smallint,
    ca_certificates uuid[],
    ws_id uuid,
    enabled boolean DEFAULT true
);


ALTER TABLE public.services OWNER TO kong;

--
-- Name: sessions; Type: TABLE; Schema: public; Owner: kong
--

CREATE TABLE public.sessions (
    id uuid NOT NULL,
    session_id text,
    expires integer,
    data text,
    created_at timestamp with time zone,
    ttl timestamp with time zone
);


ALTER TABLE public.sessions OWNER TO kong;

--
-- Name: snis; Type: TABLE; Schema: public; Owner: kong
--

CREATE TABLE public.snis (
    id uuid NOT NULL,
    created_at timestamp with time zone DEFAULT timezone('UTC'::text, ('now'::text)::timestamp(0) with time zone),
    name text NOT NULL,
    certificate_id uuid,
    tags text[],
    ws_id uuid
);


ALTER TABLE public.snis OWNER TO kong;

--
-- Name: tags; Type: TABLE; Schema: public; Owner: kong
--

CREATE TABLE public.tags (
    entity_id uuid NOT NULL,
    entity_name text,
    tags text[]
);


ALTER TABLE public.tags OWNER TO kong;

--
-- Name: targets; Type: TABLE; Schema: public; Owner: kong
--

CREATE TABLE public.targets (
    id uuid NOT NULL,
    created_at timestamp with time zone DEFAULT timezone('UTC'::text, ('now'::text)::timestamp(3) with time zone),
    upstream_id uuid,
    target text NOT NULL,
    weight integer NOT NULL,
    tags text[],
    ws_id uuid
);


ALTER TABLE public.targets OWNER TO kong;

--
-- Name: ttls; Type: TABLE; Schema: public; Owner: kong
--

CREATE TABLE public.ttls (
    primary_key_value text NOT NULL,
    primary_uuid_value uuid,
    table_name text NOT NULL,
    primary_key_name text NOT NULL,
    expire_at timestamp without time zone NOT NULL
);


ALTER TABLE public.ttls OWNER TO kong;

--
-- Name: upstreams; Type: TABLE; Schema: public; Owner: kong
--

CREATE TABLE public.upstreams (
    id uuid NOT NULL,
    created_at timestamp with time zone DEFAULT timezone('UTC'::text, ('now'::text)::timestamp(3) with time zone),
    name text,
    hash_on text,
    hash_fallback text,
    hash_on_header text,
    hash_fallback_header text,
    hash_on_cookie text,
    hash_on_cookie_path text,
    slots integer NOT NULL,
    healthchecks jsonb,
    tags text[],
    algorithm text,
    host_header text,
    client_certificate_id uuid,
    ws_id uuid
);


ALTER TABLE public.upstreams OWNER TO kong;

--
-- Name: vaults_beta; Type: TABLE; Schema: public; Owner: kong
--

CREATE TABLE public.vaults_beta (
    id uuid NOT NULL,
    ws_id uuid,
    prefix text,
    name text NOT NULL,
    description text,
    config jsonb NOT NULL,
    created_at timestamp with time zone DEFAULT timezone('UTC'::text, ('now'::text)::timestamp(0) with time zone),
    updated_at timestamp with time zone,
    tags text[]
);


ALTER TABLE public.vaults_beta OWNER TO kong;

--
-- Name: workspaces; Type: TABLE; Schema: public; Owner: kong
--

CREATE TABLE public.workspaces (
    id uuid NOT NULL,
    name text,
    comment text,
    created_at timestamp with time zone DEFAULT timezone('UTC'::text, ('now'::text)::timestamp(0) with time zone),
    meta jsonb,
    config jsonb
);


ALTER TABLE public.workspaces OWNER TO kong;

--
-- Data for Name: acls; Type: TABLE DATA; Schema: public; Owner: kong
--

COPY public.acls (id, created_at, consumer_id, "group", cache_key, tags, ws_id) FROM stdin;
\.


--
-- Data for Name: acme_storage; Type: TABLE DATA; Schema: public; Owner: kong
--

COPY public.acme_storage (id, key, value, created_at, ttl) FROM stdin;
\.


--
-- Data for Name: basicauth_credentials; Type: TABLE DATA; Schema: public; Owner: kong
--

COPY public.basicauth_credentials (id, created_at, consumer_id, username, password, tags, ws_id) FROM stdin;
\.


--
-- Data for Name: ca_certificates; Type: TABLE DATA; Schema: public; Owner: kong
--

COPY public.ca_certificates (id, created_at, cert, tags, cert_digest) FROM stdin;
\.


--
-- Data for Name: certificates; Type: TABLE DATA; Schema: public; Owner: kong
--

COPY public.certificates (id, created_at, cert, key, tags, ws_id, cert_alt, key_alt) FROM stdin;
\.


--
-- Data for Name: cluster_events; Type: TABLE DATA; Schema: public; Owner: kong
--

COPY public.cluster_events (id, node_id, at, nbf, expire_at, channel, data) FROM stdin;
\.


--
-- Data for Name: clustering_data_planes; Type: TABLE DATA; Schema: public; Owner: kong
--

COPY public.clustering_data_planes (id, hostname, ip, last_seen, config_hash, ttl, version, sync_status) FROM stdin;
\.


--
-- Data for Name: consumers; Type: TABLE DATA; Schema: public; Owner: kong
--

COPY public.consumers (id, created_at, username, custom_id, tags, ws_id) FROM stdin;
6d835f58-8eca-4f96-9af9-50ae8e37768b	2022-06-07 16:47:22+00	oauth2-tester	1	\N	09ccd700-7b47-492b-b381-740f84b649a9
\.


--
-- Data for Name: hmacauth_credentials; Type: TABLE DATA; Schema: public; Owner: kong
--

COPY public.hmacauth_credentials (id, created_at, consumer_id, username, secret, tags, ws_id) FROM stdin;
\.


--
-- Data for Name: jwt_secrets; Type: TABLE DATA; Schema: public; Owner: kong
--

COPY public.jwt_secrets (id, created_at, consumer_id, key, secret, algorithm, rsa_public_key, tags, ws_id) FROM stdin;
\.


--
-- Data for Name: keyauth_credentials; Type: TABLE DATA; Schema: public; Owner: kong
--

COPY public.keyauth_credentials (id, created_at, consumer_id, key, tags, ttl, ws_id) FROM stdin;
\.


--
-- Data for Name: locks; Type: TABLE DATA; Schema: public; Owner: kong
--

COPY public.locks (key, owner, ttl) FROM stdin;
\.


--
-- Data for Name: oauth2_authorization_codes; Type: TABLE DATA; Schema: public; Owner: kong
--

COPY public.oauth2_authorization_codes (id, created_at, credential_id, service_id, code, authenticated_userid, scope, ttl, challenge, challenge_method, ws_id) FROM stdin;
\.


--
-- Data for Name: oauth2_credentials; Type: TABLE DATA; Schema: public; Owner: kong
--

COPY public.oauth2_credentials (id, created_at, name, consumer_id, client_id, client_secret, redirect_uris, tags, client_type, hash_secret, ws_id) FROM stdin;
f1339071-a24e-4190-ba61-a17226e56833	2022-06-07 16:47:29+00	Oauth2 Demo App	6d835f58-8eca-4f96-9af9-50ae8e37768b	oauth2-demo-client-id	$pbkdf2-sha512$i=10000,l=32$OUs051owy50SUeMMw2z1Pw$ctvm7bCEFSCpa9KW4PsYaUZZlXqGtEyiJTd0x8sUkfE	{http://192.168.1.75:8000/demo}	\N	confidential	t	09ccd700-7b47-492b-b381-740f84b649a9
\.


--
-- Data for Name: oauth2_tokens; Type: TABLE DATA; Schema: public; Owner: kong
--

COPY public.oauth2_tokens (id, created_at, credential_id, service_id, access_token, refresh_token, token_type, expires_in, authenticated_userid, scope, ttl, ws_id) FROM stdin;
09979b4e-5646-4bcf-8c6f-46e8026b6c0d	2022-06-07 16:57:40+00	f1339071-a24e-4190-ba61-a17226e56833	5e238bbf-9856-4e4c-8d35-d631bb89d273	cgW0zyjZSEZIGL03afS1azSkJHwwJ0jd	\N	bearer	7200	\N	email address	2022-06-21 16:57:40+00	09ccd700-7b47-492b-b381-740f84b649a9
bb9e1652-36f4-445e-b8aa-419628c951e7	2022-06-08 09:46:12+00	f1339071-a24e-4190-ba61-a17226e56833	5e238bbf-9856-4e4c-8d35-d631bb89d273	A1OsArNvg0HUcaxmCbJAyjyzg9Ic2hJF	\N	bearer	7200	\N	email address	2022-06-22 09:46:12+00	09ccd700-7b47-492b-b381-740f84b649a9
\.


--
-- Data for Name: parameters; Type: TABLE DATA; Schema: public; Owner: kong
--

COPY public.parameters (key, value, created_at) FROM stdin;
cluster_id	97d9db42-ceea-4f6a-a769-980814b323ab	\N
\.


--
-- Data for Name: plugins; Type: TABLE DATA; Schema: public; Owner: kong
--

COPY public.plugins (id, created_at, name, consumer_id, service_id, route_id, config, enabled, cache_key, protocols, tags, ws_id) FROM stdin;
7375fa8b-4810-4d50-a848-0956c2560973	2022-06-08 16:37:55+00	correlation-id	\N	\N	\N	{"generator": "uuid#counter", "header_name": "Kong-Request-ID", "echo_downstream": false}	t	plugins:correlation-id:::::09ccd700-7b47-492b-b381-740f84b649a9	{grpc,grpcs,http,https}	\N	09ccd700-7b47-492b-b381-740f84b649a9
f09ff273-32da-4c87-b409-0d5c30bd54ca	2022-06-08 16:43:31+00	zipkin	\N	\N	\N	{"header_type": "preserve", "static_tags": null, "tags_header": "Zipkin-Tags", "sample_ratio": 0.001, "http_endpoint": null, "include_credential": true, "local_service_name": "kong", "traceid_byte_count": 16, "default_header_type": "b3", "default_service_name": null}	t	plugins:zipkin:::::09ccd700-7b47-492b-b381-740f84b649a9	{grpc,grpcs,http,https}	\N	09ccd700-7b47-492b-b381-740f84b649a9
7c30e8e8-925b-47b1-b69d-5273673447cb	2022-06-08 10:19:02+00	file-log	\N	\N	\N	{"path": "/tmp/file.log", "reopen": false, "custom_fields_by_lua": null}	t	plugins:file-log:::::09ccd700-7b47-492b-b381-740f84b649a9	{grpc,grpcs,http,https}	\N	09ccd700-7b47-492b-b381-740f84b649a9
d4be41b6-0600-4d8d-8ed3-941505ce3124	2022-06-07 16:44:54+00	oauth2	\N	5e238bbf-9856-4e4c-8d35-d631bb89d273	\N	{"pkce": "lax", "scopes": ["email", "phone", "address"], "anonymous": null, "provision_key": "oauth2-demo-provision-key", "mandatory_scope": true, "auth_header_name": "authorization", "hide_credentials": false, "token_expiration": 7200, "refresh_token_ttl": 1209600, "global_credentials": false, "reuse_refresh_token": false, "enable_implicit_grant": true, "enable_password_grant": true, "enable_authorization_code": true, "enable_client_credentials": true, "accept_http_if_already_terminated": false}	f	plugins:oauth2::5e238bbf-9856-4e4c-8d35-d631bb89d273:::09ccd700-7b47-492b-b381-740f84b649a9	{grpc,grpcs,http,https}	\N	09ccd700-7b47-492b-b381-740f84b649a9
9ae5044e-c515-4c40-9109-c35a125024c4	2022-06-14 13:46:24+00	syslog	\N	\N	\N	{"facility": null, "log_level": "debug", "successful_severity": "info", "custom_fields_by_lua": null, "client_errors_severity": "info", "server_errors_severity": "info"}	t	plugins:syslog:::::09ccd700-7b47-492b-b381-740f84b649a9	{grpc,grpcs,http,https}	\N	09ccd700-7b47-492b-b381-740f84b649a9
42f079fa-c709-43b5-8a29-27dd6a1d0050	2022-06-18 14:45:55+00	oidc	\N	\N	\N	{"realm": "kong", "scope": "openid", "filters": null, "timeout": null, "client_id": "skoiy-test-confidencial", "discovery": "https://keycloak.kamino.tk/realms/skoiy/.well-known/openid-configuration", "ssl_verify": "no", "bearer_only": "no", "logout_path": "/logout", "client_secret": "ngxQdWDm1HzhyJvWxqiVHkmQnixBwjj7", "response_type": "code", "session_secret": null, "redirect_uri_path": "/c", "recovery_page_path": null, "introspection_endpoint": "https://keycloak.kamino.tk/realms/skoiy/protocol/openid-connect/token/introspect", "redirect_after_logout_uri": "/", "token_endpoint_auth_method": "client_secret_post", "introspection_endpoint_auth_method": "https://keycloak.kamino.tk/realms/skoiy/protocol/openid-connect/token/introspect"}	f	plugins:oidc:::::09ccd700-7b47-492b-b381-740f84b649a9	{grpc,grpcs,http,https}	\N	09ccd700-7b47-492b-b381-740f84b649a9
54a06220-93b2-4e50-9645-6f2afb186531	2022-06-16 23:26:41+00	kong-plugin-header-echo	\N	\N	\N	{"requestHeader": "X-Request-Echo", "responseHeader": "X-Response-Echo"}	f	plugins:kong-plugin-header-echo:::::09ccd700-7b47-492b-b381-740f84b649a9	{grpc,grpcs,http,https}	\N	09ccd700-7b47-492b-b381-740f84b649a9
\.


--
-- Data for Name: ratelimiting_metrics; Type: TABLE DATA; Schema: public; Owner: kong
--

COPY public.ratelimiting_metrics (identifier, period, period_date, service_id, route_id, value, ttl) FROM stdin;
\.


--
-- Data for Name: response_ratelimiting_metrics; Type: TABLE DATA; Schema: public; Owner: kong
--

COPY public.response_ratelimiting_metrics (identifier, period, period_date, service_id, route_id, value) FROM stdin;
\.


--
-- Data for Name: routes; Type: TABLE DATA; Schema: public; Owner: kong
--

COPY public.routes (id, created_at, updated_at, name, service_id, protocols, methods, hosts, paths, snis, sources, destinations, regex_priority, strip_path, preserve_host, tags, https_redirect_status_code, headers, path_handling, ws_id, request_buffering, response_buffering) FROM stdin;
e9e885c7-99c8-452c-94e0-363aa5cd8b62	2022-06-07 16:37:21+00	2022-06-08 14:21:38+00	iam	5e238bbf-9856-4e4c-8d35-d631bb89d273	{http,https}	\N	\N	{/}	\N	\N	\N	0	t	t	\N	426	\N	v0	09ccd700-7b47-492b-b381-740f84b649a9	t	t
cb4c7324-6abd-4767-998f-0671b7b5c886	2022-06-18 16:19:17+00	2022-06-18 16:25:34+00	userinfo	67c0caab-e566-478c-80fd-7c527436e794	{http,https}	\N	\N	{/userinfo}	\N	\N	\N	0	f	t	\N	426	\N	v1	09ccd700-7b47-492b-b381-740f84b649a9	t	t
32b04680-1e86-461f-a398-770815bb9e4f	2022-06-07 15:43:00+00	2022-06-08 14:27:08+00	Accounts.Index	a165ce9e-0091-489b-8d9a-843175d1d74b	{http,https}	\N	{skoiy-accounts.kamino.tk}	{/}	\N	\N	\N	0	t	t	\N	426	\N	v1	09ccd700-7b47-492b-b381-740f84b649a9	t	t
b4b41dad-8349-4cf4-9717-f58daaaa8098	2022-06-07 15:41:50+00	2022-06-07 16:05:11+00	Posts.Index	8ec65431-bbca-4fb0-bb88-5afa876c9cec	{http,https}	\N	{skoiy-posts.kamino.tk}	{/}	\N	\N	\N	0	t	t	\N	426	\N	v1	09ccd700-7b47-492b-b381-740f84b649a9	t	t
b9aa1731-5a55-4b1b-8328-26f241797e9e	2022-06-18 15:11:54+00	2022-06-18 15:34:18+00	token	67c0caab-e566-478c-80fd-7c527436e794	{http,https}	\N	\N	{/token}	\N	\N	\N	0	f	t	\N	426	\N	v1	09ccd700-7b47-492b-b381-740f84b649a9	t	t
e2200a77-1f44-4586-ade6-f372b7997d50	2022-06-18 15:54:51+00	2022-06-18 15:55:17+00	token_introspect	67c0caab-e566-478c-80fd-7c527436e794	{http,https}	\N	\N	{/token/introspect}	\N	\N	\N	0	f	t	\N	426	\N	v1	09ccd700-7b47-492b-b381-740f84b649a9	t	t
\.


--
-- Data for Name: schema_meta; Type: TABLE DATA; Schema: public; Owner: kong
--

COPY public.schema_meta (key, subsystem, last_executed, executed, pending) FROM stdin;
schema_meta	jwt	003_200_to_210	{000_base_jwt,002_130_to_140,003_200_to_210}	{}
schema_meta	key-auth	003_200_to_210	{000_base_key_auth,002_130_to_140,003_200_to_210}	{}
schema_meta	oauth2	005_210_to_211	{000_base_oauth2,003_130_to_140,004_200_to_210,005_210_to_211}	{}
schema_meta	rate-limiting	004_200_to_210	{000_base_rate_limiting,003_10_to_112,004_200_to_210}	\N
schema_meta	response-ratelimiting	000_base_response_rate_limiting	{000_base_response_rate_limiting}	\N
schema_meta	session	001_add_ttl_index	{000_base_session,001_add_ttl_index}	\N
schema_meta	core	015_270_to_280	{000_base,003_100_to_110,004_110_to_120,005_120_to_130,006_130_to_140,007_140_to_150,008_150_to_200,009_200_to_210,010_210_to_211,011_212_to_213,012_213_to_220,013_220_to_230,014_230_to_270,015_270_to_280}	{}
schema_meta	acl	004_212_to_213	{000_base_acl,002_130_to_140,003_200_to_210,004_212_to_213}	{}
schema_meta	acme	000_base_acme	{000_base_acme}	\N
schema_meta	basic-auth	003_200_to_210	{000_base_basic_auth,002_130_to_140,003_200_to_210}	{}
schema_meta	bot-detection	001_200_to_210	{001_200_to_210}	{}
schema_meta	hmac-auth	003_200_to_210	{000_base_hmac_auth,002_130_to_140,003_200_to_210}	{}
schema_meta	ip-restriction	001_200_to_210	{001_200_to_210}	{}
\.


--
-- Data for Name: services; Type: TABLE DATA; Schema: public; Owner: kong
--

COPY public.services (id, created_at, updated_at, name, retries, protocol, host, port, path, connect_timeout, write_timeout, read_timeout, tags, client_certificate_id, tls_verify, tls_verify_depth, ca_certificates, ws_id, enabled) FROM stdin;
8ec65431-bbca-4fb0-bb88-5afa876c9cec	2022-06-07 14:19:21+00	2022-06-07 14:31:41+00	Posts	5	http	apache_upstream	80	/	60000	60000	60000	{}	\N	\N	\N	\N	09ccd700-7b47-492b-b381-740f84b649a9	t
a165ce9e-0091-489b-8d9a-843175d1d74b	2022-06-07 14:20:34+00	2022-06-07 16:08:22+00	Accounts	5	http	apache_upstream	80	/	60000	60000	60000	{}	\N	\N	\N	\N	09ccd700-7b47-492b-b381-740f84b649a9	t
5e238bbf-9856-4e4c-8d35-d631bb89d273	2022-06-06 19:21:47+00	2022-06-08 14:19:45+00	oauth2-test	5	http	httpbin.org	80	/anything	60000	60000	60000	\N	\N	\N	\N	\N	09ccd700-7b47-492b-b381-740f84b649a9	t
67c0caab-e566-478c-80fd-7c527436e794	2022-06-18 15:09:11+00	2022-06-18 15:34:48+00	IdP	5	http	keycloak_upstream	80	/realms/skoiy/protocol/openid-connect/	60000	60000	60000	{}	\N	\N	\N	\N	09ccd700-7b47-492b-b381-740f84b649a9	t
\.


--
-- Data for Name: sessions; Type: TABLE DATA; Schema: public; Owner: kong
--

COPY public.sessions (id, session_id, expires, data, created_at, ttl) FROM stdin;
\.


--
-- Data for Name: snis; Type: TABLE DATA; Schema: public; Owner: kong
--

COPY public.snis (id, created_at, name, certificate_id, tags, ws_id) FROM stdin;
\.


--
-- Data for Name: tags; Type: TABLE DATA; Schema: public; Owner: kong
--

COPY public.tags (entity_id, entity_name, tags) FROM stdin;
adbadff7-f8c6-4cc2-b402-4a16c8d669c1	targets	\N
39bd3652-ec7a-4ba7-b48a-0bd2e9b740df	upstreams	\N
b9aa1731-5a55-4b1b-8328-26f241797e9e	routes	\N
67c0caab-e566-478c-80fd-7c527436e794	services	{}
e2200a77-1f44-4586-ade6-f372b7997d50	routes	\N
4ae9cf90-0f28-4e1c-a27b-e3401b7ec51b	targets	\N
8ec65431-bbca-4fb0-bb88-5afa876c9cec	services	{}
eef31558-e178-4d3e-bba0-177b9f7c0732	upstreams	\N
cb4c7324-6abd-4767-998f-0671b7b5c886	routes	\N
b4b41dad-8349-4cf4-9717-f58daaaa8098	routes	\N
a165ce9e-0091-489b-8d9a-843175d1d74b	services	{}
f1339071-a24e-4190-ba61-a17226e56833	oauth2_credentials	\N
6d835f58-8eca-4f96-9af9-50ae8e37768b	consumers	\N
7c30e8e8-925b-47b1-b69d-5273673447cb	plugins	\N
d4be41b6-0600-4d8d-8ed3-941505ce3124	plugins	\N
5e238bbf-9856-4e4c-8d35-d631bb89d273	services	\N
e9e885c7-99c8-452c-94e0-363aa5cd8b62	routes	\N
32b04680-1e86-461f-a398-770815bb9e4f	routes	\N
7375fa8b-4810-4d50-a848-0956c2560973	plugins	\N
f09ff273-32da-4c87-b409-0d5c30bd54ca	plugins	\N
9ae5044e-c515-4c40-9109-c35a125024c4	plugins	\N
54a06220-93b2-4e50-9645-6f2afb186531	plugins	\N
42f079fa-c709-43b5-8a29-27dd6a1d0050	plugins	\N
b37e8fcc-77ae-4f8b-b04f-7a6ad17b1f23	upstreams	\N
7e44ed6c-05ec-4d36-a50f-395a60cd89a1	targets	\N
\.


--
-- Data for Name: targets; Type: TABLE DATA; Schema: public; Owner: kong
--

COPY public.targets (id, created_at, upstream_id, target, weight, tags, ws_id) FROM stdin;
adbadff7-f8c6-4cc2-b402-4a16c8d669c1	2022-06-06 15:22:50.513+00	39bd3652-ec7a-4ba7-b48a-0bd2e9b740df	192.168.1.75:80	100	\N	09ccd700-7b47-492b-b381-740f84b649a9
4ae9cf90-0f28-4e1c-a27b-e3401b7ec51b	2022-06-07 14:24:58.791+00	eef31558-e178-4d3e-bba0-177b9f7c0732	httpbin.org:80	100	\N	09ccd700-7b47-492b-b381-740f84b649a9
7e44ed6c-05ec-4d36-a50f-395a60cd89a1	2022-06-18 15:13:50.683+00	b37e8fcc-77ae-4f8b-b04f-7a6ad17b1f23	192.168.1.75:8090	100	\N	09ccd700-7b47-492b-b381-740f84b649a9
\.


--
-- Data for Name: ttls; Type: TABLE DATA; Schema: public; Owner: kong
--

COPY public.ttls (primary_key_value, primary_uuid_value, table_name, primary_key_name, expire_at) FROM stdin;
\.


--
-- Data for Name: upstreams; Type: TABLE DATA; Schema: public; Owner: kong
--

COPY public.upstreams (id, created_at, name, hash_on, hash_fallback, hash_on_header, hash_fallback_header, hash_on_cookie, hash_on_cookie_path, slots, healthchecks, tags, algorithm, host_header, client_certificate_id, ws_id) FROM stdin;
39bd3652-ec7a-4ba7-b48a-0bd2e9b740df	2022-06-06 15:22:12+00	apache_upstream	none	none	\N	\N	\N	/	1000	{"active": {"type": "http", "healthy": {"interval": 5, "successes": 0, "http_statuses": [200, 302]}, "timeout": 1, "http_path": "/", "https_sni": null, "unhealthy": {"interval": 0, "timeouts": 0, "tcp_failures": 0, "http_failures": 0, "http_statuses": [429, 404, 500, 501, 502, 503, 504, 505]}, "concurrency": 10, "https_verify_certificate": false}, "passive": {"type": "http", "healthy": {"successes": 0, "http_statuses": [200, 201, 202, 203, 204, 205, 206, 207, 208, 226, 300, 301, 302, 303, 304, 305, 306, 307, 308]}, "unhealthy": {"timeouts": 0, "tcp_failures": 0, "http_failures": 0, "http_statuses": [429, 500, 503]}}, "threshold": 0}	\N	round-robin	\N	\N	09ccd700-7b47-492b-b381-740f84b649a9
eef31558-e178-4d3e-bba0-177b9f7c0732	2022-06-07 14:24:21+00	httpbin_upstream	none	none	\N	\N	\N	/	1000	{"active": {"type": "http", "healthy": {"interval": 0, "successes": 0, "http_statuses": [200, 302]}, "timeout": 1, "http_path": "/", "https_sni": null, "unhealthy": {"interval": 0, "timeouts": 0, "tcp_failures": 0, "http_failures": 0, "http_statuses": [429, 404, 500, 501, 502, 503, 504, 505]}, "concurrency": 10, "https_verify_certificate": true}, "passive": {"type": "http", "healthy": {"successes": 0, "http_statuses": [200, 201, 202, 203, 204, 205, 206, 207, 208, 226, 300, 301, 302, 303, 304, 305, 306, 307, 308]}, "unhealthy": {"timeouts": 0, "tcp_failures": 0, "http_failures": 0, "http_statuses": [429, 500, 503]}}, "threshold": 0}	\N	round-robin	\N	\N	09ccd700-7b47-492b-b381-740f84b649a9
b37e8fcc-77ae-4f8b-b04f-7a6ad17b1f23	2022-06-18 15:07:44+00	keycloak_upstream	none	none	\N	\N	\N	/	1000	{"active": {"type": "http", "healthy": {"interval": 0, "successes": 0, "http_statuses": [200, 302]}, "timeout": 1, "http_path": "/", "https_sni": null, "unhealthy": {"interval": 0, "timeouts": 0, "tcp_failures": 0, "http_failures": 0, "http_statuses": [429, 404, 500, 501, 502, 503, 504, 505]}, "concurrency": 10, "https_verify_certificate": true}, "passive": {"type": "http", "healthy": {"successes": 0, "http_statuses": [200, 201, 202, 203, 204, 205, 206, 207, 208, 226, 300, 301, 302, 303, 304, 305, 306, 307, 308]}, "unhealthy": {"timeouts": 0, "tcp_failures": 0, "http_failures": 0, "http_statuses": [429, 500, 503]}}, "threshold": 0}	\N	round-robin	\N	\N	09ccd700-7b47-492b-b381-740f84b649a9
\.


--
-- Data for Name: vaults_beta; Type: TABLE DATA; Schema: public; Owner: kong
--

COPY public.vaults_beta (id, ws_id, prefix, name, description, config, created_at, updated_at, tags) FROM stdin;
\.


--
-- Data for Name: workspaces; Type: TABLE DATA; Schema: public; Owner: kong
--

COPY public.workspaces (id, name, comment, created_at, meta, config) FROM stdin;
09ccd700-7b47-492b-b381-740f84b649a9	default	\N	2022-06-06 14:11:48+00	\N	\N
\.


--
-- Name: acls acls_cache_key_key; Type: CONSTRAINT; Schema: public; Owner: kong
--

ALTER TABLE ONLY public.acls
    ADD CONSTRAINT acls_cache_key_key UNIQUE (cache_key);


--
-- Name: acls acls_id_ws_id_unique; Type: CONSTRAINT; Schema: public; Owner: kong
--

ALTER TABLE ONLY public.acls
    ADD CONSTRAINT acls_id_ws_id_unique UNIQUE (id, ws_id);


--
-- Name: acls acls_pkey; Type: CONSTRAINT; Schema: public; Owner: kong
--

ALTER TABLE ONLY public.acls
    ADD CONSTRAINT acls_pkey PRIMARY KEY (id);


--
-- Name: acme_storage acme_storage_key_key; Type: CONSTRAINT; Schema: public; Owner: kong
--

ALTER TABLE ONLY public.acme_storage
    ADD CONSTRAINT acme_storage_key_key UNIQUE (key);


--
-- Name: acme_storage acme_storage_pkey; Type: CONSTRAINT; Schema: public; Owner: kong
--

ALTER TABLE ONLY public.acme_storage
    ADD CONSTRAINT acme_storage_pkey PRIMARY KEY (id);


--
-- Name: basicauth_credentials basicauth_credentials_id_ws_id_unique; Type: CONSTRAINT; Schema: public; Owner: kong
--

ALTER TABLE ONLY public.basicauth_credentials
    ADD CONSTRAINT basicauth_credentials_id_ws_id_unique UNIQUE (id, ws_id);


--
-- Name: basicauth_credentials basicauth_credentials_pkey; Type: CONSTRAINT; Schema: public; Owner: kong
--

ALTER TABLE ONLY public.basicauth_credentials
    ADD CONSTRAINT basicauth_credentials_pkey PRIMARY KEY (id);


--
-- Name: basicauth_credentials basicauth_credentials_ws_id_username_unique; Type: CONSTRAINT; Schema: public; Owner: kong
--

ALTER TABLE ONLY public.basicauth_credentials
    ADD CONSTRAINT basicauth_credentials_ws_id_username_unique UNIQUE (ws_id, username);


--
-- Name: ca_certificates ca_certificates_cert_digest_key; Type: CONSTRAINT; Schema: public; Owner: kong
--

ALTER TABLE ONLY public.ca_certificates
    ADD CONSTRAINT ca_certificates_cert_digest_key UNIQUE (cert_digest);


--
-- Name: ca_certificates ca_certificates_pkey; Type: CONSTRAINT; Schema: public; Owner: kong
--

ALTER TABLE ONLY public.ca_certificates
    ADD CONSTRAINT ca_certificates_pkey PRIMARY KEY (id);


--
-- Name: certificates certificates_id_ws_id_unique; Type: CONSTRAINT; Schema: public; Owner: kong
--

ALTER TABLE ONLY public.certificates
    ADD CONSTRAINT certificates_id_ws_id_unique UNIQUE (id, ws_id);


--
-- Name: certificates certificates_pkey; Type: CONSTRAINT; Schema: public; Owner: kong
--

ALTER TABLE ONLY public.certificates
    ADD CONSTRAINT certificates_pkey PRIMARY KEY (id);


--
-- Name: cluster_events cluster_events_pkey; Type: CONSTRAINT; Schema: public; Owner: kong
--

ALTER TABLE ONLY public.cluster_events
    ADD CONSTRAINT cluster_events_pkey PRIMARY KEY (id);


--
-- Name: clustering_data_planes clustering_data_planes_pkey; Type: CONSTRAINT; Schema: public; Owner: kong
--

ALTER TABLE ONLY public.clustering_data_planes
    ADD CONSTRAINT clustering_data_planes_pkey PRIMARY KEY (id);


--
-- Name: consumers consumers_id_ws_id_unique; Type: CONSTRAINT; Schema: public; Owner: kong
--

ALTER TABLE ONLY public.consumers
    ADD CONSTRAINT consumers_id_ws_id_unique UNIQUE (id, ws_id);


--
-- Name: consumers consumers_pkey; Type: CONSTRAINT; Schema: public; Owner: kong
--

ALTER TABLE ONLY public.consumers
    ADD CONSTRAINT consumers_pkey PRIMARY KEY (id);


--
-- Name: consumers consumers_ws_id_custom_id_unique; Type: CONSTRAINT; Schema: public; Owner: kong
--

ALTER TABLE ONLY public.consumers
    ADD CONSTRAINT consumers_ws_id_custom_id_unique UNIQUE (ws_id, custom_id);


--
-- Name: consumers consumers_ws_id_username_unique; Type: CONSTRAINT; Schema: public; Owner: kong
--

ALTER TABLE ONLY public.consumers
    ADD CONSTRAINT consumers_ws_id_username_unique UNIQUE (ws_id, username);


--
-- Name: hmacauth_credentials hmacauth_credentials_id_ws_id_unique; Type: CONSTRAINT; Schema: public; Owner: kong
--

ALTER TABLE ONLY public.hmacauth_credentials
    ADD CONSTRAINT hmacauth_credentials_id_ws_id_unique UNIQUE (id, ws_id);


--
-- Name: hmacauth_credentials hmacauth_credentials_pkey; Type: CONSTRAINT; Schema: public; Owner: kong
--

ALTER TABLE ONLY public.hmacauth_credentials
    ADD CONSTRAINT hmacauth_credentials_pkey PRIMARY KEY (id);


--
-- Name: hmacauth_credentials hmacauth_credentials_ws_id_username_unique; Type: CONSTRAINT; Schema: public; Owner: kong
--

ALTER TABLE ONLY public.hmacauth_credentials
    ADD CONSTRAINT hmacauth_credentials_ws_id_username_unique UNIQUE (ws_id, username);


--
-- Name: jwt_secrets jwt_secrets_id_ws_id_unique; Type: CONSTRAINT; Schema: public; Owner: kong
--

ALTER TABLE ONLY public.jwt_secrets
    ADD CONSTRAINT jwt_secrets_id_ws_id_unique UNIQUE (id, ws_id);


--
-- Name: jwt_secrets jwt_secrets_pkey; Type: CONSTRAINT; Schema: public; Owner: kong
--

ALTER TABLE ONLY public.jwt_secrets
    ADD CONSTRAINT jwt_secrets_pkey PRIMARY KEY (id);


--
-- Name: jwt_secrets jwt_secrets_ws_id_key_unique; Type: CONSTRAINT; Schema: public; Owner: kong
--

ALTER TABLE ONLY public.jwt_secrets
    ADD CONSTRAINT jwt_secrets_ws_id_key_unique UNIQUE (ws_id, key);


--
-- Name: keyauth_credentials keyauth_credentials_id_ws_id_unique; Type: CONSTRAINT; Schema: public; Owner: kong
--

ALTER TABLE ONLY public.keyauth_credentials
    ADD CONSTRAINT keyauth_credentials_id_ws_id_unique UNIQUE (id, ws_id);


--
-- Name: keyauth_credentials keyauth_credentials_pkey; Type: CONSTRAINT; Schema: public; Owner: kong
--

ALTER TABLE ONLY public.keyauth_credentials
    ADD CONSTRAINT keyauth_credentials_pkey PRIMARY KEY (id);


--
-- Name: keyauth_credentials keyauth_credentials_ws_id_key_unique; Type: CONSTRAINT; Schema: public; Owner: kong
--

ALTER TABLE ONLY public.keyauth_credentials
    ADD CONSTRAINT keyauth_credentials_ws_id_key_unique UNIQUE (ws_id, key);


--
-- Name: locks locks_pkey; Type: CONSTRAINT; Schema: public; Owner: kong
--

ALTER TABLE ONLY public.locks
    ADD CONSTRAINT locks_pkey PRIMARY KEY (key);


--
-- Name: oauth2_authorization_codes oauth2_authorization_codes_id_ws_id_unique; Type: CONSTRAINT; Schema: public; Owner: kong
--

ALTER TABLE ONLY public.oauth2_authorization_codes
    ADD CONSTRAINT oauth2_authorization_codes_id_ws_id_unique UNIQUE (id, ws_id);


--
-- Name: oauth2_authorization_codes oauth2_authorization_codes_pkey; Type: CONSTRAINT; Schema: public; Owner: kong
--

ALTER TABLE ONLY public.oauth2_authorization_codes
    ADD CONSTRAINT oauth2_authorization_codes_pkey PRIMARY KEY (id);


--
-- Name: oauth2_authorization_codes oauth2_authorization_codes_ws_id_code_unique; Type: CONSTRAINT; Schema: public; Owner: kong
--

ALTER TABLE ONLY public.oauth2_authorization_codes
    ADD CONSTRAINT oauth2_authorization_codes_ws_id_code_unique UNIQUE (ws_id, code);


--
-- Name: oauth2_credentials oauth2_credentials_id_ws_id_unique; Type: CONSTRAINT; Schema: public; Owner: kong
--

ALTER TABLE ONLY public.oauth2_credentials
    ADD CONSTRAINT oauth2_credentials_id_ws_id_unique UNIQUE (id, ws_id);


--
-- Name: oauth2_credentials oauth2_credentials_pkey; Type: CONSTRAINT; Schema: public; Owner: kong
--

ALTER TABLE ONLY public.oauth2_credentials
    ADD CONSTRAINT oauth2_credentials_pkey PRIMARY KEY (id);


--
-- Name: oauth2_credentials oauth2_credentials_ws_id_client_id_unique; Type: CONSTRAINT; Schema: public; Owner: kong
--

ALTER TABLE ONLY public.oauth2_credentials
    ADD CONSTRAINT oauth2_credentials_ws_id_client_id_unique UNIQUE (ws_id, client_id);


--
-- Name: oauth2_tokens oauth2_tokens_id_ws_id_unique; Type: CONSTRAINT; Schema: public; Owner: kong
--

ALTER TABLE ONLY public.oauth2_tokens
    ADD CONSTRAINT oauth2_tokens_id_ws_id_unique UNIQUE (id, ws_id);


--
-- Name: oauth2_tokens oauth2_tokens_pkey; Type: CONSTRAINT; Schema: public; Owner: kong
--

ALTER TABLE ONLY public.oauth2_tokens
    ADD CONSTRAINT oauth2_tokens_pkey PRIMARY KEY (id);


--
-- Name: oauth2_tokens oauth2_tokens_ws_id_access_token_unique; Type: CONSTRAINT; Schema: public; Owner: kong
--

ALTER TABLE ONLY public.oauth2_tokens
    ADD CONSTRAINT oauth2_tokens_ws_id_access_token_unique UNIQUE (ws_id, access_token);


--
-- Name: oauth2_tokens oauth2_tokens_ws_id_refresh_token_unique; Type: CONSTRAINT; Schema: public; Owner: kong
--

ALTER TABLE ONLY public.oauth2_tokens
    ADD CONSTRAINT oauth2_tokens_ws_id_refresh_token_unique UNIQUE (ws_id, refresh_token);


--
-- Name: parameters parameters_pkey; Type: CONSTRAINT; Schema: public; Owner: kong
--

ALTER TABLE ONLY public.parameters
    ADD CONSTRAINT parameters_pkey PRIMARY KEY (key);


--
-- Name: plugins plugins_cache_key_key; Type: CONSTRAINT; Schema: public; Owner: kong
--

ALTER TABLE ONLY public.plugins
    ADD CONSTRAINT plugins_cache_key_key UNIQUE (cache_key);


--
-- Name: plugins plugins_id_ws_id_unique; Type: CONSTRAINT; Schema: public; Owner: kong
--

ALTER TABLE ONLY public.plugins
    ADD CONSTRAINT plugins_id_ws_id_unique UNIQUE (id, ws_id);


--
-- Name: plugins plugins_pkey; Type: CONSTRAINT; Schema: public; Owner: kong
--

ALTER TABLE ONLY public.plugins
    ADD CONSTRAINT plugins_pkey PRIMARY KEY (id);


--
-- Name: ratelimiting_metrics ratelimiting_metrics_pkey; Type: CONSTRAINT; Schema: public; Owner: kong
--

ALTER TABLE ONLY public.ratelimiting_metrics
    ADD CONSTRAINT ratelimiting_metrics_pkey PRIMARY KEY (identifier, period, period_date, service_id, route_id);


--
-- Name: response_ratelimiting_metrics response_ratelimiting_metrics_pkey; Type: CONSTRAINT; Schema: public; Owner: kong
--

ALTER TABLE ONLY public.response_ratelimiting_metrics
    ADD CONSTRAINT response_ratelimiting_metrics_pkey PRIMARY KEY (identifier, period, period_date, service_id, route_id);


--
-- Name: routes routes_id_ws_id_unique; Type: CONSTRAINT; Schema: public; Owner: kong
--

ALTER TABLE ONLY public.routes
    ADD CONSTRAINT routes_id_ws_id_unique UNIQUE (id, ws_id);


--
-- Name: routes routes_pkey; Type: CONSTRAINT; Schema: public; Owner: kong
--

ALTER TABLE ONLY public.routes
    ADD CONSTRAINT routes_pkey PRIMARY KEY (id);


--
-- Name: routes routes_ws_id_name_unique; Type: CONSTRAINT; Schema: public; Owner: kong
--

ALTER TABLE ONLY public.routes
    ADD CONSTRAINT routes_ws_id_name_unique UNIQUE (ws_id, name);


--
-- Name: schema_meta schema_meta_pkey; Type: CONSTRAINT; Schema: public; Owner: kong
--

ALTER TABLE ONLY public.schema_meta
    ADD CONSTRAINT schema_meta_pkey PRIMARY KEY (key, subsystem);


--
-- Name: services services_id_ws_id_unique; Type: CONSTRAINT; Schema: public; Owner: kong
--

ALTER TABLE ONLY public.services
    ADD CONSTRAINT services_id_ws_id_unique UNIQUE (id, ws_id);


--
-- Name: services services_pkey; Type: CONSTRAINT; Schema: public; Owner: kong
--

ALTER TABLE ONLY public.services
    ADD CONSTRAINT services_pkey PRIMARY KEY (id);


--
-- Name: services services_ws_id_name_unique; Type: CONSTRAINT; Schema: public; Owner: kong
--

ALTER TABLE ONLY public.services
    ADD CONSTRAINT services_ws_id_name_unique UNIQUE (ws_id, name);


--
-- Name: sessions sessions_pkey; Type: CONSTRAINT; Schema: public; Owner: kong
--

ALTER TABLE ONLY public.sessions
    ADD CONSTRAINT sessions_pkey PRIMARY KEY (id);


--
-- Name: sessions sessions_session_id_key; Type: CONSTRAINT; Schema: public; Owner: kong
--

ALTER TABLE ONLY public.sessions
    ADD CONSTRAINT sessions_session_id_key UNIQUE (session_id);


--
-- Name: snis snis_id_ws_id_unique; Type: CONSTRAINT; Schema: public; Owner: kong
--

ALTER TABLE ONLY public.snis
    ADD CONSTRAINT snis_id_ws_id_unique UNIQUE (id, ws_id);


--
-- Name: snis snis_name_key; Type: CONSTRAINT; Schema: public; Owner: kong
--

ALTER TABLE ONLY public.snis
    ADD CONSTRAINT snis_name_key UNIQUE (name);


--
-- Name: snis snis_pkey; Type: CONSTRAINT; Schema: public; Owner: kong
--

ALTER TABLE ONLY public.snis
    ADD CONSTRAINT snis_pkey PRIMARY KEY (id);


--
-- Name: tags tags_pkey; Type: CONSTRAINT; Schema: public; Owner: kong
--

ALTER TABLE ONLY public.tags
    ADD CONSTRAINT tags_pkey PRIMARY KEY (entity_id);


--
-- Name: targets targets_id_ws_id_unique; Type: CONSTRAINT; Schema: public; Owner: kong
--

ALTER TABLE ONLY public.targets
    ADD CONSTRAINT targets_id_ws_id_unique UNIQUE (id, ws_id);


--
-- Name: targets targets_pkey; Type: CONSTRAINT; Schema: public; Owner: kong
--

ALTER TABLE ONLY public.targets
    ADD CONSTRAINT targets_pkey PRIMARY KEY (id);


--
-- Name: ttls ttls_pkey; Type: CONSTRAINT; Schema: public; Owner: kong
--

ALTER TABLE ONLY public.ttls
    ADD CONSTRAINT ttls_pkey PRIMARY KEY (primary_key_value, table_name);


--
-- Name: upstreams upstreams_id_ws_id_unique; Type: CONSTRAINT; Schema: public; Owner: kong
--

ALTER TABLE ONLY public.upstreams
    ADD CONSTRAINT upstreams_id_ws_id_unique UNIQUE (id, ws_id);


--
-- Name: upstreams upstreams_pkey; Type: CONSTRAINT; Schema: public; Owner: kong
--

ALTER TABLE ONLY public.upstreams
    ADD CONSTRAINT upstreams_pkey PRIMARY KEY (id);


--
-- Name: upstreams upstreams_ws_id_name_unique; Type: CONSTRAINT; Schema: public; Owner: kong
--

ALTER TABLE ONLY public.upstreams
    ADD CONSTRAINT upstreams_ws_id_name_unique UNIQUE (ws_id, name);


--
-- Name: vaults_beta vaults_beta_id_ws_id_key; Type: CONSTRAINT; Schema: public; Owner: kong
--

ALTER TABLE ONLY public.vaults_beta
    ADD CONSTRAINT vaults_beta_id_ws_id_key UNIQUE (id, ws_id);


--
-- Name: vaults_beta vaults_beta_pkey; Type: CONSTRAINT; Schema: public; Owner: kong
--

ALTER TABLE ONLY public.vaults_beta
    ADD CONSTRAINT vaults_beta_pkey PRIMARY KEY (id);


--
-- Name: vaults_beta vaults_beta_prefix_key; Type: CONSTRAINT; Schema: public; Owner: kong
--

ALTER TABLE ONLY public.vaults_beta
    ADD CONSTRAINT vaults_beta_prefix_key UNIQUE (prefix);


--
-- Name: vaults_beta vaults_beta_prefix_ws_id_key; Type: CONSTRAINT; Schema: public; Owner: kong
--

ALTER TABLE ONLY public.vaults_beta
    ADD CONSTRAINT vaults_beta_prefix_ws_id_key UNIQUE (prefix, ws_id);


--
-- Name: workspaces workspaces_name_key; Type: CONSTRAINT; Schema: public; Owner: kong
--

ALTER TABLE ONLY public.workspaces
    ADD CONSTRAINT workspaces_name_key UNIQUE (name);


--
-- Name: workspaces workspaces_pkey; Type: CONSTRAINT; Schema: public; Owner: kong
--

ALTER TABLE ONLY public.workspaces
    ADD CONSTRAINT workspaces_pkey PRIMARY KEY (id);


--
-- Name: acls_consumer_id_idx; Type: INDEX; Schema: public; Owner: kong
--

CREATE INDEX acls_consumer_id_idx ON public.acls USING btree (consumer_id);


--
-- Name: acls_group_idx; Type: INDEX; Schema: public; Owner: kong
--

CREATE INDEX acls_group_idx ON public.acls USING btree ("group");


--
-- Name: acls_tags_idex_tags_idx; Type: INDEX; Schema: public; Owner: kong
--

CREATE INDEX acls_tags_idex_tags_idx ON public.acls USING gin (tags);


--
-- Name: basicauth_consumer_id_idx; Type: INDEX; Schema: public; Owner: kong
--

CREATE INDEX basicauth_consumer_id_idx ON public.basicauth_credentials USING btree (consumer_id);


--
-- Name: basicauth_tags_idex_tags_idx; Type: INDEX; Schema: public; Owner: kong
--

CREATE INDEX basicauth_tags_idex_tags_idx ON public.basicauth_credentials USING gin (tags);


--
-- Name: certificates_tags_idx; Type: INDEX; Schema: public; Owner: kong
--

CREATE INDEX certificates_tags_idx ON public.certificates USING gin (tags);


--
-- Name: cluster_events_at_idx; Type: INDEX; Schema: public; Owner: kong
--

CREATE INDEX cluster_events_at_idx ON public.cluster_events USING btree (at);


--
-- Name: cluster_events_channel_idx; Type: INDEX; Schema: public; Owner: kong
--

CREATE INDEX cluster_events_channel_idx ON public.cluster_events USING btree (channel);


--
-- Name: cluster_events_expire_at_idx; Type: INDEX; Schema: public; Owner: kong
--

CREATE INDEX cluster_events_expire_at_idx ON public.cluster_events USING btree (expire_at);


--
-- Name: clustering_data_planes_ttl_idx; Type: INDEX; Schema: public; Owner: kong
--

CREATE INDEX clustering_data_planes_ttl_idx ON public.clustering_data_planes USING btree (ttl);


--
-- Name: consumers_tags_idx; Type: INDEX; Schema: public; Owner: kong
--

CREATE INDEX consumers_tags_idx ON public.consumers USING gin (tags);


--
-- Name: consumers_username_idx; Type: INDEX; Schema: public; Owner: kong
--

CREATE INDEX consumers_username_idx ON public.consumers USING btree (lower(username));


--
-- Name: hmacauth_credentials_consumer_id_idx; Type: INDEX; Schema: public; Owner: kong
--

CREATE INDEX hmacauth_credentials_consumer_id_idx ON public.hmacauth_credentials USING btree (consumer_id);


--
-- Name: hmacauth_tags_idex_tags_idx; Type: INDEX; Schema: public; Owner: kong
--

CREATE INDEX hmacauth_tags_idex_tags_idx ON public.hmacauth_credentials USING gin (tags);


--
-- Name: jwt_secrets_consumer_id_idx; Type: INDEX; Schema: public; Owner: kong
--

CREATE INDEX jwt_secrets_consumer_id_idx ON public.jwt_secrets USING btree (consumer_id);


--
-- Name: jwt_secrets_secret_idx; Type: INDEX; Schema: public; Owner: kong
--

CREATE INDEX jwt_secrets_secret_idx ON public.jwt_secrets USING btree (secret);


--
-- Name: jwtsecrets_tags_idex_tags_idx; Type: INDEX; Schema: public; Owner: kong
--

CREATE INDEX jwtsecrets_tags_idex_tags_idx ON public.jwt_secrets USING gin (tags);


--
-- Name: keyauth_credentials_consumer_id_idx; Type: INDEX; Schema: public; Owner: kong
--

CREATE INDEX keyauth_credentials_consumer_id_idx ON public.keyauth_credentials USING btree (consumer_id);


--
-- Name: keyauth_credentials_ttl_idx; Type: INDEX; Schema: public; Owner: kong
--

CREATE INDEX keyauth_credentials_ttl_idx ON public.keyauth_credentials USING btree (ttl);


--
-- Name: keyauth_tags_idex_tags_idx; Type: INDEX; Schema: public; Owner: kong
--

CREATE INDEX keyauth_tags_idex_tags_idx ON public.keyauth_credentials USING gin (tags);


--
-- Name: locks_ttl_idx; Type: INDEX; Schema: public; Owner: kong
--

CREATE INDEX locks_ttl_idx ON public.locks USING btree (ttl);


--
-- Name: oauth2_authorization_codes_authenticated_userid_idx; Type: INDEX; Schema: public; Owner: kong
--

CREATE INDEX oauth2_authorization_codes_authenticated_userid_idx ON public.oauth2_authorization_codes USING btree (authenticated_userid);


--
-- Name: oauth2_authorization_codes_ttl_idx; Type: INDEX; Schema: public; Owner: kong
--

CREATE INDEX oauth2_authorization_codes_ttl_idx ON public.oauth2_authorization_codes USING btree (ttl);


--
-- Name: oauth2_authorization_credential_id_idx; Type: INDEX; Schema: public; Owner: kong
--

CREATE INDEX oauth2_authorization_credential_id_idx ON public.oauth2_authorization_codes USING btree (credential_id);


--
-- Name: oauth2_authorization_service_id_idx; Type: INDEX; Schema: public; Owner: kong
--

CREATE INDEX oauth2_authorization_service_id_idx ON public.oauth2_authorization_codes USING btree (service_id);


--
-- Name: oauth2_credentials_consumer_id_idx; Type: INDEX; Schema: public; Owner: kong
--

CREATE INDEX oauth2_credentials_consumer_id_idx ON public.oauth2_credentials USING btree (consumer_id);


--
-- Name: oauth2_credentials_secret_idx; Type: INDEX; Schema: public; Owner: kong
--

CREATE INDEX oauth2_credentials_secret_idx ON public.oauth2_credentials USING btree (client_secret);


--
-- Name: oauth2_credentials_tags_idex_tags_idx; Type: INDEX; Schema: public; Owner: kong
--

CREATE INDEX oauth2_credentials_tags_idex_tags_idx ON public.oauth2_credentials USING gin (tags);


--
-- Name: oauth2_tokens_authenticated_userid_idx; Type: INDEX; Schema: public; Owner: kong
--

CREATE INDEX oauth2_tokens_authenticated_userid_idx ON public.oauth2_tokens USING btree (authenticated_userid);


--
-- Name: oauth2_tokens_credential_id_idx; Type: INDEX; Schema: public; Owner: kong
--

CREATE INDEX oauth2_tokens_credential_id_idx ON public.oauth2_tokens USING btree (credential_id);


--
-- Name: oauth2_tokens_service_id_idx; Type: INDEX; Schema: public; Owner: kong
--

CREATE INDEX oauth2_tokens_service_id_idx ON public.oauth2_tokens USING btree (service_id);


--
-- Name: oauth2_tokens_ttl_idx; Type: INDEX; Schema: public; Owner: kong
--

CREATE INDEX oauth2_tokens_ttl_idx ON public.oauth2_tokens USING btree (ttl);


--
-- Name: plugins_consumer_id_idx; Type: INDEX; Schema: public; Owner: kong
--

CREATE INDEX plugins_consumer_id_idx ON public.plugins USING btree (consumer_id);


--
-- Name: plugins_name_idx; Type: INDEX; Schema: public; Owner: kong
--

CREATE INDEX plugins_name_idx ON public.plugins USING btree (name);


--
-- Name: plugins_route_id_idx; Type: INDEX; Schema: public; Owner: kong
--

CREATE INDEX plugins_route_id_idx ON public.plugins USING btree (route_id);


--
-- Name: plugins_service_id_idx; Type: INDEX; Schema: public; Owner: kong
--

CREATE INDEX plugins_service_id_idx ON public.plugins USING btree (service_id);


--
-- Name: plugins_tags_idx; Type: INDEX; Schema: public; Owner: kong
--

CREATE INDEX plugins_tags_idx ON public.plugins USING gin (tags);


--
-- Name: ratelimiting_metrics_idx; Type: INDEX; Schema: public; Owner: kong
--

CREATE INDEX ratelimiting_metrics_idx ON public.ratelimiting_metrics USING btree (service_id, route_id, period_date, period);


--
-- Name: ratelimiting_metrics_ttl_idx; Type: INDEX; Schema: public; Owner: kong
--

CREATE INDEX ratelimiting_metrics_ttl_idx ON public.ratelimiting_metrics USING btree (ttl);


--
-- Name: routes_service_id_idx; Type: INDEX; Schema: public; Owner: kong
--

CREATE INDEX routes_service_id_idx ON public.routes USING btree (service_id);


--
-- Name: routes_tags_idx; Type: INDEX; Schema: public; Owner: kong
--

CREATE INDEX routes_tags_idx ON public.routes USING gin (tags);


--
-- Name: services_fkey_client_certificate; Type: INDEX; Schema: public; Owner: kong
--

CREATE INDEX services_fkey_client_certificate ON public.services USING btree (client_certificate_id);


--
-- Name: services_tags_idx; Type: INDEX; Schema: public; Owner: kong
--

CREATE INDEX services_tags_idx ON public.services USING gin (tags);


--
-- Name: session_sessions_expires_idx; Type: INDEX; Schema: public; Owner: kong
--

CREATE INDEX session_sessions_expires_idx ON public.sessions USING btree (expires);


--
-- Name: sessions_ttl_idx; Type: INDEX; Schema: public; Owner: kong
--

CREATE INDEX sessions_ttl_idx ON public.sessions USING btree (ttl);


--
-- Name: snis_certificate_id_idx; Type: INDEX; Schema: public; Owner: kong
--

CREATE INDEX snis_certificate_id_idx ON public.snis USING btree (certificate_id);


--
-- Name: snis_tags_idx; Type: INDEX; Schema: public; Owner: kong
--

CREATE INDEX snis_tags_idx ON public.snis USING gin (tags);


--
-- Name: tags_entity_name_idx; Type: INDEX; Schema: public; Owner: kong
--

CREATE INDEX tags_entity_name_idx ON public.tags USING btree (entity_name);


--
-- Name: tags_tags_idx; Type: INDEX; Schema: public; Owner: kong
--

CREATE INDEX tags_tags_idx ON public.tags USING gin (tags);


--
-- Name: targets_tags_idx; Type: INDEX; Schema: public; Owner: kong
--

CREATE INDEX targets_tags_idx ON public.targets USING gin (tags);


--
-- Name: targets_target_idx; Type: INDEX; Schema: public; Owner: kong
--

CREATE INDEX targets_target_idx ON public.targets USING btree (target);


--
-- Name: targets_upstream_id_idx; Type: INDEX; Schema: public; Owner: kong
--

CREATE INDEX targets_upstream_id_idx ON public.targets USING btree (upstream_id);


--
-- Name: ttls_primary_uuid_value_idx; Type: INDEX; Schema: public; Owner: kong
--

CREATE INDEX ttls_primary_uuid_value_idx ON public.ttls USING btree (primary_uuid_value);


--
-- Name: upstreams_fkey_client_certificate; Type: INDEX; Schema: public; Owner: kong
--

CREATE INDEX upstreams_fkey_client_certificate ON public.upstreams USING btree (client_certificate_id);


--
-- Name: upstreams_tags_idx; Type: INDEX; Schema: public; Owner: kong
--

CREATE INDEX upstreams_tags_idx ON public.upstreams USING gin (tags);


--
-- Name: vaults_beta_tags_idx; Type: INDEX; Schema: public; Owner: kong
--

CREATE INDEX vaults_beta_tags_idx ON public.vaults_beta USING gin (tags);


--
-- Name: acls acls_sync_tags_trigger; Type: TRIGGER; Schema: public; Owner: kong
--

CREATE TRIGGER acls_sync_tags_trigger AFTER INSERT OR DELETE OR UPDATE OF tags ON public.acls FOR EACH ROW EXECUTE PROCEDURE public.sync_tags();


--
-- Name: basicauth_credentials basicauth_sync_tags_trigger; Type: TRIGGER; Schema: public; Owner: kong
--

CREATE TRIGGER basicauth_sync_tags_trigger AFTER INSERT OR DELETE OR UPDATE OF tags ON public.basicauth_credentials FOR EACH ROW EXECUTE PROCEDURE public.sync_tags();


--
-- Name: ca_certificates ca_certificates_sync_tags_trigger; Type: TRIGGER; Schema: public; Owner: kong
--

CREATE TRIGGER ca_certificates_sync_tags_trigger AFTER INSERT OR DELETE OR UPDATE OF tags ON public.ca_certificates FOR EACH ROW EXECUTE PROCEDURE public.sync_tags();


--
-- Name: certificates certificates_sync_tags_trigger; Type: TRIGGER; Schema: public; Owner: kong
--

CREATE TRIGGER certificates_sync_tags_trigger AFTER INSERT OR DELETE OR UPDATE OF tags ON public.certificates FOR EACH ROW EXECUTE PROCEDURE public.sync_tags();


--
-- Name: consumers consumers_sync_tags_trigger; Type: TRIGGER; Schema: public; Owner: kong
--

CREATE TRIGGER consumers_sync_tags_trigger AFTER INSERT OR DELETE OR UPDATE OF tags ON public.consumers FOR EACH ROW EXECUTE PROCEDURE public.sync_tags();


--
-- Name: hmacauth_credentials hmacauth_sync_tags_trigger; Type: TRIGGER; Schema: public; Owner: kong
--

CREATE TRIGGER hmacauth_sync_tags_trigger AFTER INSERT OR DELETE OR UPDATE OF tags ON public.hmacauth_credentials FOR EACH ROW EXECUTE PROCEDURE public.sync_tags();


--
-- Name: jwt_secrets jwtsecrets_sync_tags_trigger; Type: TRIGGER; Schema: public; Owner: kong
--

CREATE TRIGGER jwtsecrets_sync_tags_trigger AFTER INSERT OR DELETE OR UPDATE OF tags ON public.jwt_secrets FOR EACH ROW EXECUTE PROCEDURE public.sync_tags();


--
-- Name: keyauth_credentials keyauth_sync_tags_trigger; Type: TRIGGER; Schema: public; Owner: kong
--

CREATE TRIGGER keyauth_sync_tags_trigger AFTER INSERT OR DELETE OR UPDATE OF tags ON public.keyauth_credentials FOR EACH ROW EXECUTE PROCEDURE public.sync_tags();


--
-- Name: oauth2_credentials oauth2_credentials_sync_tags_trigger; Type: TRIGGER; Schema: public; Owner: kong
--

CREATE TRIGGER oauth2_credentials_sync_tags_trigger AFTER INSERT OR DELETE OR UPDATE OF tags ON public.oauth2_credentials FOR EACH ROW EXECUTE PROCEDURE public.sync_tags();


--
-- Name: plugins plugins_sync_tags_trigger; Type: TRIGGER; Schema: public; Owner: kong
--

CREATE TRIGGER plugins_sync_tags_trigger AFTER INSERT OR DELETE OR UPDATE OF tags ON public.plugins FOR EACH ROW EXECUTE PROCEDURE public.sync_tags();


--
-- Name: routes routes_sync_tags_trigger; Type: TRIGGER; Schema: public; Owner: kong
--

CREATE TRIGGER routes_sync_tags_trigger AFTER INSERT OR DELETE OR UPDATE OF tags ON public.routes FOR EACH ROW EXECUTE PROCEDURE public.sync_tags();


--
-- Name: services services_sync_tags_trigger; Type: TRIGGER; Schema: public; Owner: kong
--

CREATE TRIGGER services_sync_tags_trigger AFTER INSERT OR DELETE OR UPDATE OF tags ON public.services FOR EACH ROW EXECUTE PROCEDURE public.sync_tags();


--
-- Name: snis snis_sync_tags_trigger; Type: TRIGGER; Schema: public; Owner: kong
--

CREATE TRIGGER snis_sync_tags_trigger AFTER INSERT OR DELETE OR UPDATE OF tags ON public.snis FOR EACH ROW EXECUTE PROCEDURE public.sync_tags();


--
-- Name: targets targets_sync_tags_trigger; Type: TRIGGER; Schema: public; Owner: kong
--

CREATE TRIGGER targets_sync_tags_trigger AFTER INSERT OR DELETE OR UPDATE OF tags ON public.targets FOR EACH ROW EXECUTE PROCEDURE public.sync_tags();


--
-- Name: upstreams upstreams_sync_tags_trigger; Type: TRIGGER; Schema: public; Owner: kong
--

CREATE TRIGGER upstreams_sync_tags_trigger AFTER INSERT OR DELETE OR UPDATE OF tags ON public.upstreams FOR EACH ROW EXECUTE PROCEDURE public.sync_tags();


--
-- Name: vaults_beta vaults_beta_sync_tags_trigger; Type: TRIGGER; Schema: public; Owner: kong
--

CREATE TRIGGER vaults_beta_sync_tags_trigger AFTER INSERT OR DELETE OR UPDATE OF tags ON public.vaults_beta FOR EACH ROW EXECUTE PROCEDURE public.sync_tags();


--
-- Name: acls acls_consumer_id_fkey; Type: FK CONSTRAINT; Schema: public; Owner: kong
--

ALTER TABLE ONLY public.acls
    ADD CONSTRAINT acls_consumer_id_fkey FOREIGN KEY (consumer_id, ws_id) REFERENCES public.consumers(id, ws_id) ON DELETE CASCADE;


--
-- Name: acls acls_ws_id_fkey; Type: FK CONSTRAINT; Schema: public; Owner: kong
--

ALTER TABLE ONLY public.acls
    ADD CONSTRAINT acls_ws_id_fkey FOREIGN KEY (ws_id) REFERENCES public.workspaces(id);


--
-- Name: basicauth_credentials basicauth_credentials_consumer_id_fkey; Type: FK CONSTRAINT; Schema: public; Owner: kong
--

ALTER TABLE ONLY public.basicauth_credentials
    ADD CONSTRAINT basicauth_credentials_consumer_id_fkey FOREIGN KEY (consumer_id, ws_id) REFERENCES public.consumers(id, ws_id) ON DELETE CASCADE;


--
-- Name: basicauth_credentials basicauth_credentials_ws_id_fkey; Type: FK CONSTRAINT; Schema: public; Owner: kong
--

ALTER TABLE ONLY public.basicauth_credentials
    ADD CONSTRAINT basicauth_credentials_ws_id_fkey FOREIGN KEY (ws_id) REFERENCES public.workspaces(id);


--
-- Name: certificates certificates_ws_id_fkey; Type: FK CONSTRAINT; Schema: public; Owner: kong
--

ALTER TABLE ONLY public.certificates
    ADD CONSTRAINT certificates_ws_id_fkey FOREIGN KEY (ws_id) REFERENCES public.workspaces(id);


--
-- Name: consumers consumers_ws_id_fkey; Type: FK CONSTRAINT; Schema: public; Owner: kong
--

ALTER TABLE ONLY public.consumers
    ADD CONSTRAINT consumers_ws_id_fkey FOREIGN KEY (ws_id) REFERENCES public.workspaces(id);


--
-- Name: hmacauth_credentials hmacauth_credentials_consumer_id_fkey; Type: FK CONSTRAINT; Schema: public; Owner: kong
--

ALTER TABLE ONLY public.hmacauth_credentials
    ADD CONSTRAINT hmacauth_credentials_consumer_id_fkey FOREIGN KEY (consumer_id, ws_id) REFERENCES public.consumers(id, ws_id) ON DELETE CASCADE;


--
-- Name: hmacauth_credentials hmacauth_credentials_ws_id_fkey; Type: FK CONSTRAINT; Schema: public; Owner: kong
--

ALTER TABLE ONLY public.hmacauth_credentials
    ADD CONSTRAINT hmacauth_credentials_ws_id_fkey FOREIGN KEY (ws_id) REFERENCES public.workspaces(id);


--
-- Name: jwt_secrets jwt_secrets_consumer_id_fkey; Type: FK CONSTRAINT; Schema: public; Owner: kong
--

ALTER TABLE ONLY public.jwt_secrets
    ADD CONSTRAINT jwt_secrets_consumer_id_fkey FOREIGN KEY (consumer_id, ws_id) REFERENCES public.consumers(id, ws_id) ON DELETE CASCADE;


--
-- Name: jwt_secrets jwt_secrets_ws_id_fkey; Type: FK CONSTRAINT; Schema: public; Owner: kong
--

ALTER TABLE ONLY public.jwt_secrets
    ADD CONSTRAINT jwt_secrets_ws_id_fkey FOREIGN KEY (ws_id) REFERENCES public.workspaces(id);


--
-- Name: keyauth_credentials keyauth_credentials_consumer_id_fkey; Type: FK CONSTRAINT; Schema: public; Owner: kong
--

ALTER TABLE ONLY public.keyauth_credentials
    ADD CONSTRAINT keyauth_credentials_consumer_id_fkey FOREIGN KEY (consumer_id, ws_id) REFERENCES public.consumers(id, ws_id) ON DELETE CASCADE;


--
-- Name: keyauth_credentials keyauth_credentials_ws_id_fkey; Type: FK CONSTRAINT; Schema: public; Owner: kong
--

ALTER TABLE ONLY public.keyauth_credentials
    ADD CONSTRAINT keyauth_credentials_ws_id_fkey FOREIGN KEY (ws_id) REFERENCES public.workspaces(id);


--
-- Name: oauth2_authorization_codes oauth2_authorization_codes_credential_id_fkey; Type: FK CONSTRAINT; Schema: public; Owner: kong
--

ALTER TABLE ONLY public.oauth2_authorization_codes
    ADD CONSTRAINT oauth2_authorization_codes_credential_id_fkey FOREIGN KEY (credential_id, ws_id) REFERENCES public.oauth2_credentials(id, ws_id) ON DELETE CASCADE;


--
-- Name: oauth2_authorization_codes oauth2_authorization_codes_service_id_fkey; Type: FK CONSTRAINT; Schema: public; Owner: kong
--

ALTER TABLE ONLY public.oauth2_authorization_codes
    ADD CONSTRAINT oauth2_authorization_codes_service_id_fkey FOREIGN KEY (service_id, ws_id) REFERENCES public.services(id, ws_id) ON DELETE CASCADE;


--
-- Name: oauth2_authorization_codes oauth2_authorization_codes_ws_id_fkey; Type: FK CONSTRAINT; Schema: public; Owner: kong
--

ALTER TABLE ONLY public.oauth2_authorization_codes
    ADD CONSTRAINT oauth2_authorization_codes_ws_id_fkey FOREIGN KEY (ws_id) REFERENCES public.workspaces(id);


--
-- Name: oauth2_credentials oauth2_credentials_consumer_id_fkey; Type: FK CONSTRAINT; Schema: public; Owner: kong
--

ALTER TABLE ONLY public.oauth2_credentials
    ADD CONSTRAINT oauth2_credentials_consumer_id_fkey FOREIGN KEY (consumer_id, ws_id) REFERENCES public.consumers(id, ws_id) ON DELETE CASCADE;


--
-- Name: oauth2_credentials oauth2_credentials_ws_id_fkey; Type: FK CONSTRAINT; Schema: public; Owner: kong
--

ALTER TABLE ONLY public.oauth2_credentials
    ADD CONSTRAINT oauth2_credentials_ws_id_fkey FOREIGN KEY (ws_id) REFERENCES public.workspaces(id);


--
-- Name: oauth2_tokens oauth2_tokens_credential_id_fkey; Type: FK CONSTRAINT; Schema: public; Owner: kong
--

ALTER TABLE ONLY public.oauth2_tokens
    ADD CONSTRAINT oauth2_tokens_credential_id_fkey FOREIGN KEY (credential_id, ws_id) REFERENCES public.oauth2_credentials(id, ws_id) ON DELETE CASCADE;


--
-- Name: oauth2_tokens oauth2_tokens_service_id_fkey; Type: FK CONSTRAINT; Schema: public; Owner: kong
--

ALTER TABLE ONLY public.oauth2_tokens
    ADD CONSTRAINT oauth2_tokens_service_id_fkey FOREIGN KEY (service_id, ws_id) REFERENCES public.services(id, ws_id) ON DELETE CASCADE;


--
-- Name: oauth2_tokens oauth2_tokens_ws_id_fkey; Type: FK CONSTRAINT; Schema: public; Owner: kong
--

ALTER TABLE ONLY public.oauth2_tokens
    ADD CONSTRAINT oauth2_tokens_ws_id_fkey FOREIGN KEY (ws_id) REFERENCES public.workspaces(id);


--
-- Name: plugins plugins_consumer_id_fkey; Type: FK CONSTRAINT; Schema: public; Owner: kong
--

ALTER TABLE ONLY public.plugins
    ADD CONSTRAINT plugins_consumer_id_fkey FOREIGN KEY (consumer_id, ws_id) REFERENCES public.consumers(id, ws_id) ON DELETE CASCADE;


--
-- Name: plugins plugins_route_id_fkey; Type: FK CONSTRAINT; Schema: public; Owner: kong
--

ALTER TABLE ONLY public.plugins
    ADD CONSTRAINT plugins_route_id_fkey FOREIGN KEY (route_id, ws_id) REFERENCES public.routes(id, ws_id) ON DELETE CASCADE;


--
-- Name: plugins plugins_service_id_fkey; Type: FK CONSTRAINT; Schema: public; Owner: kong
--

ALTER TABLE ONLY public.plugins
    ADD CONSTRAINT plugins_service_id_fkey FOREIGN KEY (service_id, ws_id) REFERENCES public.services(id, ws_id) ON DELETE CASCADE;


--
-- Name: plugins plugins_ws_id_fkey; Type: FK CONSTRAINT; Schema: public; Owner: kong
--

ALTER TABLE ONLY public.plugins
    ADD CONSTRAINT plugins_ws_id_fkey FOREIGN KEY (ws_id) REFERENCES public.workspaces(id);


--
-- Name: routes routes_service_id_fkey; Type: FK CONSTRAINT; Schema: public; Owner: kong
--

ALTER TABLE ONLY public.routes
    ADD CONSTRAINT routes_service_id_fkey FOREIGN KEY (service_id, ws_id) REFERENCES public.services(id, ws_id);


--
-- Name: routes routes_ws_id_fkey; Type: FK CONSTRAINT; Schema: public; Owner: kong
--

ALTER TABLE ONLY public.routes
    ADD CONSTRAINT routes_ws_id_fkey FOREIGN KEY (ws_id) REFERENCES public.workspaces(id);


--
-- Name: services services_client_certificate_id_fkey; Type: FK CONSTRAINT; Schema: public; Owner: kong
--

ALTER TABLE ONLY public.services
    ADD CONSTRAINT services_client_certificate_id_fkey FOREIGN KEY (client_certificate_id, ws_id) REFERENCES public.certificates(id, ws_id);


--
-- Name: services services_ws_id_fkey; Type: FK CONSTRAINT; Schema: public; Owner: kong
--

ALTER TABLE ONLY public.services
    ADD CONSTRAINT services_ws_id_fkey FOREIGN KEY (ws_id) REFERENCES public.workspaces(id);


--
-- Name: snis snis_certificate_id_fkey; Type: FK CONSTRAINT; Schema: public; Owner: kong
--

ALTER TABLE ONLY public.snis
    ADD CONSTRAINT snis_certificate_id_fkey FOREIGN KEY (certificate_id, ws_id) REFERENCES public.certificates(id, ws_id);


--
-- Name: snis snis_ws_id_fkey; Type: FK CONSTRAINT; Schema: public; Owner: kong
--

ALTER TABLE ONLY public.snis
    ADD CONSTRAINT snis_ws_id_fkey FOREIGN KEY (ws_id) REFERENCES public.workspaces(id);


--
-- Name: targets targets_upstream_id_fkey; Type: FK CONSTRAINT; Schema: public; Owner: kong
--

ALTER TABLE ONLY public.targets
    ADD CONSTRAINT targets_upstream_id_fkey FOREIGN KEY (upstream_id, ws_id) REFERENCES public.upstreams(id, ws_id) ON DELETE CASCADE;


--
-- Name: targets targets_ws_id_fkey; Type: FK CONSTRAINT; Schema: public; Owner: kong
--

ALTER TABLE ONLY public.targets
    ADD CONSTRAINT targets_ws_id_fkey FOREIGN KEY (ws_id) REFERENCES public.workspaces(id);


--
-- Name: upstreams upstreams_client_certificate_id_fkey; Type: FK CONSTRAINT; Schema: public; Owner: kong
--

ALTER TABLE ONLY public.upstreams
    ADD CONSTRAINT upstreams_client_certificate_id_fkey FOREIGN KEY (client_certificate_id) REFERENCES public.certificates(id);


--
-- Name: upstreams upstreams_ws_id_fkey; Type: FK CONSTRAINT; Schema: public; Owner: kong
--

ALTER TABLE ONLY public.upstreams
    ADD CONSTRAINT upstreams_ws_id_fkey FOREIGN KEY (ws_id) REFERENCES public.workspaces(id);


--
-- Name: vaults_beta vaults_beta_ws_id_fkey; Type: FK CONSTRAINT; Schema: public; Owner: kong
--

ALTER TABLE ONLY public.vaults_beta
    ADD CONSTRAINT vaults_beta_ws_id_fkey FOREIGN KEY (ws_id) REFERENCES public.workspaces(id);


--
-- PostgreSQL database dump complete
--

\connect postgres

SET default_transaction_read_only = off;

--
-- PostgreSQL database dump
--

-- Dumped from database version 9.6.24
-- Dumped by pg_dump version 9.6.24

SET statement_timeout = 0;
SET lock_timeout = 0;
SET idle_in_transaction_session_timeout = 0;
SET client_encoding = 'UTF8';
SET standard_conforming_strings = on;
SELECT pg_catalog.set_config('search_path', '', false);
SET check_function_bodies = false;
SET xmloption = content;
SET client_min_messages = warning;
SET row_security = off;

--
-- Name: DATABASE postgres; Type: COMMENT; Schema: -; Owner: kong
--

COMMENT ON DATABASE postgres IS 'default administrative connection database';


--
-- Name: plpgsql; Type: EXTENSION; Schema: -; Owner: 
--

CREATE EXTENSION IF NOT EXISTS plpgsql WITH SCHEMA pg_catalog;


--
-- Name: EXTENSION plpgsql; Type: COMMENT; Schema: -; Owner: 
--

COMMENT ON EXTENSION plpgsql IS 'PL/pgSQL procedural language';


--
-- PostgreSQL database dump complete
--

\connect template1

SET default_transaction_read_only = off;

--
-- PostgreSQL database dump
--

-- Dumped from database version 9.6.24
-- Dumped by pg_dump version 9.6.24

SET statement_timeout = 0;
SET lock_timeout = 0;
SET idle_in_transaction_session_timeout = 0;
SET client_encoding = 'UTF8';
SET standard_conforming_strings = on;
SELECT pg_catalog.set_config('search_path', '', false);
SET check_function_bodies = false;
SET xmloption = content;
SET client_min_messages = warning;
SET row_security = off;

--
-- Name: DATABASE template1; Type: COMMENT; Schema: -; Owner: kong
--

COMMENT ON DATABASE template1 IS 'default template for new databases';


--
-- Name: plpgsql; Type: EXTENSION; Schema: -; Owner: 
--

CREATE EXTENSION IF NOT EXISTS plpgsql WITH SCHEMA pg_catalog;


--
-- Name: EXTENSION plpgsql; Type: COMMENT; Schema: -; Owner: 
--

COMMENT ON EXTENSION plpgsql IS 'PL/pgSQL procedural language';


--
-- PostgreSQL database dump complete
--

--
-- PostgreSQL database cluster dump complete
--

